"Dreamflo ~ ",5-10 Yr ~ Dream Hive (H),1-3 Yr ~ Mind flo (M),HMZ 1,HMZ 2,HMZ 3,HMZ 4,HMZ 5,HMZ 6,HMZ 7,Dream themes (Z),Theme Flo (Z~),Dream steps (z),Step flo (z~)
"http://cFish.io  ~ Elevator Pitch: http://cFish.io revolutionizes creative design and technical production by offering a unique blend of innovative solutions for live events, permanent installations, and corporate branding. With 13 years of industry expertise, we seamlessly integrate cutting-edge technology with artistic vision to deliver exceptional results. Whether you need comprehensive event production, sound and lighting installations, or strategic branding solutions, our team transforms creative concepts into reality while maximizing operational efficiency. We're not just service providers – we're your creative technology partners, committed to elevating your vision through our proven expertise in design, technical direction, and production capabilities.","• Difficulty in finding comprehensive and innovative design solutions for live events and installations.
• The challenge of integrating cutting-edge technology with creative vision to deliver impactful results.
• Inefficiencies in project management and execution that hinder operational effectiveness and creative innovation.","- Comprehensive event production services that seamlessly integrate design, technology, and creativity to enhance live experiences.
- Tailored branding and artistic solutions that elevate corporate identity and marketing strategies through innovative design.
- Advanced technical direction and installation services that ensure precision and creativity for both live events and permanent installations.","- Client Satisfaction Rate: Measure the percentage of clients who express satisfaction with the design and production services provided.
- Project Completion Rate: Track the percentage of projects completed on time and within budget to assess operational efficiency.
- Revenue Growth Rate: Monitor the increase in revenue over time to evaluate business growth and market demand for services.",,"- Seamlessly integrates cutting-edge technology with artistic vision to deliver innovative solutions for live events and branding.
- Offers a comprehensive range of services, from event production to permanent installations, tailored to diverse client needs.
- Leverages 13 years of industry expertise, ensuring operational efficiency and creative innovation in every project.",,"- Extensive industry expertise with 13 years of experience in creative design and technical production.
- Unique integration of cutting-edge technology with artistic vision, enabling highly customized solutions.
- Strong focus on operational efficiency, allowing for seamless execution of complex projects that enhance client satisfaction.",,,"- Online portfolio and website showcasing past projects and services to attract potential clients.
- Direct client engagement through personalized communication methods such as phone calls and video chats for tailored interactions.
- Social media and digital marketing strategies to enhance visibility and engage with a broader audience effectively.","- Event organizers and promoters seeking comprehensive production design and technical direction for live events.
- Corporate clients looking for branding and artistic solutions to enhance their corporate identity.
- Entertainment venues requiring permanent installations and innovative design for sound and lighting.","- Customized project pricing based on client needs and project scope.
- Investments in technology and tools to ensure high-quality service delivery.
- Salaries and benefits for skilled personnel involved in design, production, and technical direction.","- Project-based fees for customized design and production services.
- Consultation and planning services for design and technical direction.
- Long-term contracts for ongoing design and technical support services." 